Stock,Stock_ID,Sector_ID
360 ONE WAM Ltd.,S1,SEC1
3M CO.,S2,SEC2
3M India Ltd.,S3,SEC3
5Paisa Capital Ltd.,S4,SEC4
Aarti Drugs Ltd.,S5,SEC5
Aarti Industries Ltd.,S6,SEC6
Aarti Pharmalabs Ltd.,S7,SEC5
Aavas Financiers Ltd.,S8,SEC7
ABB India Ltd.,S9,SEC8
ABB Power Products and Systems India Ltd.,S10,SEC8
Abbott India Ltd.,S11,SEC5
Abbott Laboratories,S12,SEC2
Accelya Solutions India Ltd.,S13,SEC9
Accenture PLC,S14,SEC2
Accord Cotsyn Ltd.,S15,SEC2
Accton Technology Corporation,S16,SEC2
Acrysil Ltd.,S17,SEC10
Action Construction Equipment Ltd.,S18,SEC11
Adani Enterprises Ltd.,S19,SEC12
Adani Green Energy Ltd.,S20,SEC13
Adani Ports And Special Economic Zone Ltd.,S21,SEC14
Adani Power Ltd.,S22,SEC13
Aditya Birla Capital Ltd.,S23,SEC15
Aditya Birla Fashion and Retail Ltd.,S24,SEC16
Aditya Birla Sun Life AMC Ltd.,S25,SEC17
Aditya Vision Ltd.,S26,SEC16
Adobe Systems,S27,SEC2
Ador Welding Ltd.,S28,SEC18
Advanced Enzyme Technologies Ltd.,S29,SEC19
Advanced Micro Devices Com.,S30,SEC2
Aegis Logistics Ltd.,S31,SEC20
Aeroflex Industries Ltd.,S32,SEC21
Aether Industries Ltd.,S33,SEC6
Affle India Ltd.,S34,SEC22
Agilent Technologies Inc,S35,SEC2
Agro Tech Foods Ltd.,S36,SEC23
Ahluwalia Contracts (India) Ltd.,S37,SEC24
AIA Engineering Ltd.,S38,SEC25
AIA Group Ltd.,S39,SEC2
Air Products and Chemicals,S40,SEC2
Ajanta Pharma Limited,S41,SEC5
Ajinomoto Co Inc,S42,SEC2
Akzo Nobel India Ltd.,S43,SEC26
Alchip Technologies Ltd.,S44,SEC2
ALCON INC,S45,SEC2
Alembic Pharmaceuticals Ltd.,S46,SEC5
Alibaba Group Holding Ltd.,S47,SEC2
Alicon Castalloy Ltd.,S48,SEC27
Alkem Laboratories Ltd.,S49,SEC5
Alkyl Amines Chemicals Ltd.,S50,SEC6
All Ring Tech Co Ltd.,S51,SEC2
Allcargo Logistics Ltd.,S52,SEC28
Allegion PLC,S53,SEC2
Allied Circuit Co Ltd.,S54,SEC2
Alphabet Inc,S55,SEC2
Alphabet Inc Class C,S56,SEC2
Altria Group Inc,S57,SEC2
Amara Raja Batteries Limited,S58,SEC27
Amazon.com,S59,SEC2
Amber Enterprises India Ltd.,S60,SEC29
Ambuja Cements Ltd.,S61,SEC30
Amerisource Bergen Corp,S62,SEC2
AMETEK Inc,S63,SEC2
Amex Carbonates & Chemicals Ltd.,S64,SEC31
Ami Organics Ltd.,S65,SEC5
Amrutanjan Health Care Ltd.,S66,SEC5
Analog Devices,S67,SEC2
Anand Rathi Wealth Services Ltd.,S68,SEC32
Anant Raj Industries Ltd.,S69,SEC33
Angel One Ltd.,S70,SEC4
Anthem INC,S71,SEC2
Antony Waste Handling Cell Ltd.,S72,SEC34
Anupam Rasayan India Ltd.,S73,SEC6
Apar Industries Ltd.,S74,SEC35
Apeejay Surrendra Park Hotels Ltd.,S75,SEC36
APL Apollo Tubes Ltd.,S76,SEC21
Apollo Hospitals Enterprises Ltd.,S77,SEC37
Apollo Hospitals Enterprises Ltd. : Futures Near,S78,SEC37
Apollo Pipes Ltd.,S79,SEC38
Apollo Tyres Limited,S80,SEC39
Apple,S81,SEC2
Aptus Value Housing Finance India Ltd.,S82,SEC7
Archean Chemical Industries Ltd.,S83,SEC6
Argosy Research Inc,S84,SEC2
Arista Networks Inc,S85,SEC2
Arman Financial Services Ltd.,S86,SEC40
Artemis Medicare Services Ltd.,S87,SEC37
Arvind Fashions Ltd.,S88,SEC16
Arvind Ltd.,S89,SEC41
Arvind SmartSpaces Ltd.,S90,SEC33
Asahi Group Holdings Ltd.,S91,SEC42
Asahi India Glass Ltd.,S92,SEC27
Ashapura Minechem Ltd.,S93,SEC43
Ashiana Housing Ltd.,S94,SEC33
Ashok Leyland Ltd.,S95,SEC44
Ashoka Buildcon Ltd.,S96,SEC24
Asia Vital Components Co Ltd.,S97,SEC2
Asian Paints (india) Ltd.,S98,SEC26
Asian Paints (india) Ltd. : Futures Near,S99,SEC26
Ask Automotive Ltd.,S100,SEC27
Asmedia Technology Inc.,S101,SEC2
ASML Holding NV,S102,SEC2
Associated Alcohols and Breweries Ltd.,S103,SEC42
Associated Cement Companies Ltd.,S104,SEC30
Astec Lifesciences Ltd.,S105,SEC45
Aster DM Healthcare Ltd.,S106,SEC37
Astra Microwave Products Ltd.,S107,SEC46
Astral Ltd.,S108,SEC38
AstraZeneca Pharma India Ltd.,S109,SEC5
AstraZeneca PLC,S110,SEC2
Atul Auto Ltd.,S111,SEC44
Atul Ltd.,S112,SEC6
Au Small Finance Bank Ltd.,S113,SEC47
Aurobindo Pharma Ltd.,S114,SEC5
Autodesk,S115,SEC2
Automotive Axles Ltd.,S116,SEC27
Autozone Inc,S117,SEC2
Avalon Technologies Ltd.,S118,SEC35
Avanti Feeds Ltd.,S119,SEC48
Avenue Supermarts Ltd.,S120,SEC49
Axis Bank Ltd.,S121,SEC50
AXISCADES Engineering Technologies Ltd.,S122,SEC51
Azad Engineering Ltd.,S123,SEC46
Baidu Inc.,S124,SEC2
Bajaj Auto Ltd.,S125,SEC52
Bajaj Consumer Care Ltd.,S126,SEC53
Bajaj Electricals Ltd.,S127,SEC29
Bajaj Finance Ltd.,S128,SEC40
Bajaj Finserv Ltd,S129,SEC54
Bajaj Holdings & Investment Ltd.,S130,SEC54
Bajel Projects Ltd.,S131,SEC55
Balkrishna Industries Ltd.,S132,SEC39
Balmer Lawrie & Co. Ltd.,S133,SEC56
Balrampur Chini Mills Ltd.,S134,SEC57
Bandhan Bank Ltd.,S135,SEC50
Bangkok Dusit Medical Services PCL,S136,SEC2
Bank of America Corportion,S137,SEC2
Bank Of Baroda,S138,SEC58
Bank Of Baroda : Futures Near,S139,SEC58
Bank Of India,S140,SEC58
Bank of Maharashtra,S141,SEC58
Bank of New York Mellon (US),S142,SEC2
BarbequeNation Hospitality Ltd.,S143,SEC59
BASF India Ltd.,S144,SEC6
Bata India Ltd.,S145,SEC60
Bata India Ltd. : Futures Near,S146,SEC60
BayCurrent Consulting Inc,S147,SEC2
Bayer Cropscience Ltd.,S148,SEC45
Beml Land Assets Ltd.,S149,SEC11
Berger Paints India Ltd.,S150,SEC26
Berkshire Hathaway Inc,S151,SEC2
Best Agrolife Ltd.,S152,SEC45
Bharat Bijlee Ltd.,S153,SEC35
Bharat Dynamics Ltd.,S154,SEC46
Bharat Earth Movers Ltd.,S155,SEC11
Bharat Electronics Ltd.,S156,SEC46
Bharat Electronics Ltd. : Futures Near,S157,SEC46
Bharat Forge Ltd.,S158,SEC25
Bharat Heavy Electricals Ltd.,S159,SEC8
Bharat Heavy Electricals Ltd. : Futures Near,S160,SEC8
Bharat Petroleum Corporation Ltd.,S161,SEC61
Bharat Rasayan Ltd.,S162,SEC45
Bharti Airtel Ltd.,S163,SEC62
Bharti Airtel Ltd. Partly Paid,S164,SEC62
Bikaji Foods International Ltd.,S165,SEC63
Biocon Ltd.,S166,SEC5
Biogen Idec,S167,SEC2
Birla Corporation Ltd.,S168,SEC30
Birlasoft Ltd.,S169,SEC9
Blackrock ORD SHS US,S170,SEC2
BLS International Services Ltd.,S171,SEC64
Blue Dart Express Ltd.,S172,SEC28
Blue Jet Healthcare Ltd.,S173,SEC5
Blue Star Ltd.,S174,SEC29
Bombay Burmah Trading Corporation Ltd.,S175,SEC63
Bond Axis Finance Ltd.,S176,SEC40
Bond Bajaj Housing Finance Ltd.,S177,SEC7
Bond Canara Bank,S178,SEC58
Bond DBS Bank Ltd.,S179,SEC65
Bond HDB Financial Services Ltd.,S180,SEC40
Bond ICICI Home Finance Company Ltd.,S181,SEC7
Bond Indian Railway Finance Corporation Ltd.,S182,SEC66
Bond Kotak Mahindra Prime Ltd.,S183,SEC40
Bond Mangalore Refinery & Petrochemicals Ltd.,S184,SEC61
Bond National Bank for Agriculture & Rural Development,S185,SEC66
Bond National Highways Authority of India,S186,SEC67
Bond NIIF Infrastructure Finance Ltd.,S187,SEC40
Bond Nuclear Power Corporation of India Limited,S188,SEC13
Bond Power Finance Corporation Ltd.,S189,SEC66
Bond Power Grid Corporation of India Ltd.,S190,SEC55
Bond Punjab National Bank,S191,SEC58
Bond Rural Electrification Corporation Limited,S192,SEC66
Bond Small Industries Development Bank Of India,S193,SEC66
Bond SMFG India Credit Ltd.,S194,SEC40
Bond Standard Chartered Capital Ltd.,S195,SEC40
Bond Summit Digitel Infrastructure Pvt Ltd.,S196,SEC68
Bond Tata Capital Ltd.,S197,SEC40
Bond TBill,S198,SEC69
Booking Holdings Inc,S199,SEC2
Borosil Glass Works Ltd.,S200,SEC70
Borosil Ltd.,S201,SEC71
Borosil Scientific Ltd.,S202,SEC70
Bosch Ltd.,S203,SEC27
Boston Scientific Corp,S204,SEC2
Brigade Enterprises Ltd.,S205,SEC33
Bristol Myers Squibb Co,S206,SEC2
Britannia Industries Ltd.,S207,SEC63
British American Tobacco,S208,SEC2
BROOKS Laboratories Ltd.,S209,SEC5
BSE Ltd.,S210,SEC72
Budweiser Brewing Co. APAC Ltd.,S211,SEC2
Bunzl PLC,S212,SEC2
Burger King India Ltd.,S213,SEC59
Butterfly Gandhimathi Appliances Ltd.,S214,SEC29
C.E. Info Systems Ltd.,S215,SEC73
Camlin Fine Sciences Ltd.,S216,SEC6
Campbell Soup Company,S217,SEC2
Campus Activewear Ltd.,S218,SEC60
Can Fin Homes Ltd.,S219,SEC7
Canadian Pacific Kansas City Ltd.,S220,SEC2
Canara Bank,S221,SEC58
Capacite Infraprojects Ltd.,S222,SEC24
Capital Small Finance Bank Ltd.,S223,SEC74
Caplin Point Laboratories Ltd.,S224,SEC5
Capri Global Capital Ltd.,S225,SEC40
Carborundum Universal Ltd.,S226,SEC75
Care Ratings Ltd.,S227,SEC76
Carmax Inc,S228,SEC2
Cartrade Tech Ltd.,S229,SEC77
Castrol (india) Ltd.,S230,SEC78
CCL Products (India) Ltd.,S231,SEC79
Ceat Ltd.,S232,SEC39
Cello World Ltd.,S233,SEC29
Central Depository Services (India) Ltd.,S234,SEC80
Centum Electronics Ltd,S235,SEC81
Century Enka Ltd.,S236,SEC82
Century Plyboards India Ltd.,S237,SEC83
Century Textile & Industries Ltd.,S238,SEC84
Cera Sanitaryware Ltd.,S239,SEC85
Cesc Ltd.,S240,SEC86
CG Power and Industrial Solutions Ltd.,S241,SEC8
Chalet Hotels Ltd.,S242,SEC36
Chambal Fertilizers & Chemicals Ltd.,S243,SEC87
Charles Schwab Corp.,S244,SEC2
Chemcon Speciality Chemicals Ltd.,S245,SEC6
Chemplast Sanmar Ltd.,S246,SEC31
Chennai Petroleum Corporation Ltd,S247,SEC61
Chennai Super Kings Cricket Ltd.,S248,SEC88
China Mengniu Dairy Co. Ltd.,S249,SEC2
China Merchants Bank Co. Ltd.,S250,SEC2
China Motor Corporation,S251,SEC2
Cholamandalam Financial Holdings Ltd.,S252,SEC89
Cholamandalam Investment & Finance Co. Ltd.,S253,SEC40
CIE AUTOMOTIVE INDIA Ltd.,S254,SEC27
Cipla Ltd.,S255,SEC5
City Online Services Ltd,S256,SEC62
City Union Bank Ltd.,S257,SEC50
Clariant Chemicals (India) Ltd.,S258,SEC90
Clean Science and Technology Ltd.,S259,SEC31
Cms Info Systems Ltd.,S260,SEC64
Coal India Ltd.,S261,SEC91
Coal India Ltd. : Futures Near,S262,SEC91
CocaCola Co,S263,SEC2
Cochin Shipyard Ltd.,S264,SEC92
Coforge Ltd.,S265,SEC9
Cognizant Technology Solutions Corp.,S266,SEC2
Colgate Palmolive (India) Limited,S267,SEC53
Comcast Corporation,S268,SEC2
Commercial Engineers & Body Builders Co. Ltd.,S269,SEC93
Computer Age Management Services Pvt Ltd.,S270,SEC80
Concord Biotech Ltd.,S271,SEC5
Confidence Petroleum India Ltd.,S272,SEC94
Container Corporation Of India Ltd.,S273,SEC28
Container Corporation Of India Ltd. : Futures Near,S274,SEC28
Coromandel International Ltd.,S275,SEC87
Corteva Inc,S276,SEC2
Costco Wholesale Corporation,S277,SEC2
Craftsman Automation Ltd.,S278,SEC27
CreditAccess Grameen Ltd.,S279,SEC95
Credo Brands Marketing Ltd.,S280,SEC16
Crescent Finstock Ltd.,S281,SEC4
CRISIL Ltd.,S282,SEC1
Crompton Greaves Consumer Electricals Ltd.,S283,SEC29
Crowdstrike Holdings Inc,S284,SEC2
Crystal Cable Industries Ltd.,S285,SEC96
CSB Bank Ltd.,S286,SEC50
Cummins India Ltd.,S287,SEC97
CVS Caremark Corp,S288,SEC2
Cyient DLM Ltd.,S289,SEC81
Cyient Ltd.,S290,SEC22
Dabur India Ltd.,S291,SEC53
Daiichi Life Holdings Inc,S292,SEC2
Daikin Industries Ltd.,S293,SEC2
Daiwa House,S294,SEC2
Dalmia Bharat Ltd.,S295,SEC30
Data Patterns India Ltd.,S296,SEC46
DB Corp Ltd.,S297,SEC98
DBS Group Holdings Ltd.,S298,SEC2
DCB Bank Ltd.,S299,SEC50
DCM Shriram Ltd.,S300,SEC3
DCX Systems Ltd.,S301,SEC46
Deepak Fertilisers & Petrochemicals Corp. Ltd.,S302,SEC31
Deepak Nitrite Ltd.,S303,SEC6
Deldot Systems (P) Ltd.,S304,SEC9
Delhivery Ltd.,S305,SEC28
Delta Corp Ltd.,S306,SEC99
Denso Corp,S307,SEC2
Devyani International Ltd.,S308,SEC59
Dhanuka Agritech Ltd.,S309,SEC45
Digidrive Distributors Ltd.,S310,SEC100
Dilip Buildcon Ltd.,S311,SEC24
Disa India Ltd.,S312,SEC81
Dish T V India Ltd.,S313,SEC101
Dishman Carbogen Amcis Ltd.,S314,SEC5
Divgi Torqtransfer Systems Private Ltd.,S315,SEC27
Divis Laboratories Ltd.,S316,SEC5
Dixon Technologies (India) Ltd.,S317,SEC102
DLF Ltd.,S318,SEC33
Dodla Dairy Ltd.,S319,SEC103
Doms Industries Ltd.,S320,SEC104
DR. LAL PATHLABS Ltd.,S321,SEC105
Dr. Reddys Laboratories Ltd.,S322,SEC5
Dreamfolks Services Ltd.,S323,SEC106
DSQ Software Ltd,S324,SEC9
Dynamatic Technologies Ltd.,S325,SEC81
Dynamic Holding Co Ltd,S326,SEC2
Eaton Corp PLC,S327,SEC2
eClerx Services Ltd.,S328,SEC107
Ecolab Inc,S329,SEC2
Edelweiss Securities Pvt. Ltd.,S330,SEC4
Eicher Motors Ltd.,S331,SEC52
EIDParry (India) Ltd.,S332,SEC108
EIH Ltd,S333,SEC36
Elantas Beck India Ltd.,S334,SEC6
Elbee Services Ltd.,S335,SEC28
Elecon Engineering Co. Ltd.,S336,SEC81
Electronic Arts,S337,SEC2
Electronics Mart lndia Ltd.,S338,SEC16
Electrosteel Castings Ltd.,S339,SEC25
Elgi Equipments Ltd.,S340,SEC97
ELI LILLY ORD SHS,S341,SEC2
Elin Electronics Ltd.,S342,SEC29
Elite Material Co Ltd.,S343,SEC2
Emami Ltd.,S344,SEC53
Emami Paper Mills Ltd.,S345,SEC84
Embassy Office Parks Reit,S346,SEC109
eMemory Technology Inc,S347,SEC2
Emerson Electric ORD,S348,SEC2
Emudhra Ltd.,S349,SEC22
Endurance Technologies Ltd.,S350,SEC27
Engineers India Ltd.,S351,SEC24
Epack Durable Ltd.,S352,SEC29
EPAM Systems Inc,S353,SEC2
EPL Ltd.,S354,SEC110
Equifax Inc.,S355,SEC2
Equitas Small Finance Bank Ltd.,S356,SEC47
Eris Lifesciences Ltd.,S357,SEC5
Esab India Ltd.,S358,SEC111
Escorts Kubota Ltd.,S359,SEC112
Escorts Ltd.,S360,SEC112
Estee Lauder CL,S361,SEC2
Ethos Ltd.,S362,SEC113
Etsy Inc,S363,SEC2
Eureka Forbes Ltd.,S364,SEC29
Eveready Industries India Ltd.,S365,SEC114
Exicom TeleSystems Ltd.,S366,SEC35
Exide Industries Ltd.,S367,SEC27
Expleo Solutions Ltd.,S368,SEC22
Facebook,S369,SEC2
Fairchem Speciality Ltd.,S370,SEC6
Faraday Technology Corp,S371,SEC2
Fast Retailing Co.Ltd.,S372,SEC2
Faze Three Ltd.,S373,SEC115
FDC Ltd.,S374,SEC5
Fedbank Financial Services Ltd.,S375,SEC40
Federal Bank Ltd.,S376,SEC50
FederalMogul Goetze (India) Ltd.,S377,SEC27
Fidelity National Information Services Inc,S378,SEC2
Fiem Industries Ltd.,S379,SEC116
Fila Holdings Corporation,S380,SEC2
Fine Organic Industries Ltd.,S381,SEC6
Fineotex Chemical Ltd.,S382,SEC6
Fino Payments Bank Ltd.,S383,SEC47
Finolex Cables Ltd.,S384,SEC96
Finolex Industries Ltd.,S385,SEC38
First HiTec Enterprise Co. Ltd.,S386,SEC2
First Solar Inc.,S387,SEC2
Firstsource Solutions Ltd.,S388,SEC22
Fiserv,S389,SEC2
FiveStar Business Finance Ltd.,S390,SEC40
Flair Writing Industries Ltd.,S391,SEC104
Force Motors Ltd.,S392,SEC117
Fortinet Inc,S393,SEC2
Fortis Healthcare Ltd.,S394,SEC37
Foseco India Ltd.,S395,SEC118
Fositek Corp,S396,SEC2
FreeportMcMoRan Copper & Gold Inc,S397,SEC2
Freshworks Inc,S398,SEC2
FSN ECommerce Ventures Ltd.,S399,SEC77
Fusion Micro Finance Ltd.,S400,SEC95
G R Infraprojects Ltd.,S401,SEC24
Gabriel India Ltd.,S402,SEC27
GAIL (India) Ltd.,S403,SEC119
GAIL (India) Ltd. : Futures Near,S404,SEC119
Galaxy Surfactants Ltd.,S405,SEC6
Gandhar Oil Refinery (India) Ltd.,S406,SEC61
Ganesha Ecosphere Ltd.,S407,SEC82
Garden Reach Shipbuilders and Engineers Ltd.,S408,SEC46
Gartner Inc,S409,SEC2
Garware HiTech Films Ltd.,S410,SEC38
Garware Technical Fibres Ltd.,S411,SEC82
Gateway Rail Freight Ltd.,S412,SEC28
Gayatri Bioorganics Ltd.,S413,SEC90
GE Power India Ltd.,S414,SEC8
GE T&D India Ltd.,S415,SEC8
General Insurance Corporation of India,S416,SEC120
Genus Power Infrastructures Ltd.,S417,SEC35
GFL Ltd.,S418,SEC54
GHCL Ltd.,S419,SEC31
GHCL Textiles Ltd.,S420,SEC82
Gilead Sciences,S421,SEC2
Gillette India Ltd.,S422,SEC53
Gland Pharma Ltd.,S423,SEC5
GlaxoSmithKline Pharmaceuticals Ltd.,S424,SEC5
Glenmark Life Sciences Ltd.,S425,SEC5
Glenmark Pharmaceuticals Ltd.,S426,SEC5
Global Health Ltd.,S427,SEC37
Globsyn Technologies Ltd.,S428,SEC22
Globus Medical Inc,S429,SEC2
Globus Spirits Ltd.,S430,SEC42
GMM Pfaudler Ltd.,S431,SEC81
Gmo Payment Gateway Inc,S432,SEC2
GMR Airports Infrastructure Ltd.,S433,SEC106
GNA Axles Ltd.,S434,SEC27
Go Fashion (India) Ltd.,S435,SEC16
Godawari Power and Ispat Ltd.,S436,SEC121
Godfrey Phillips India Ltd.,S437,SEC122
Godrej Agrovet Ltd.,S438,SEC48
Godrej Consumer Products Ltd,S439,SEC53
Godrej Industries Ltd,S440,SEC48
Godrej Properties Ltd.,S441,SEC33
Gokaldas Exports Ltd.,S442,SEC41
Gold Circuit Electronics Ltd.,S443,SEC2
Goodyear India Ltd.,S444,SEC39
GPI Textiles Ltd.,S445,SEC82
Gpt Healthcare Ltd.,S446,SEC37
GPT Infraprojects Ltd.,S447,SEC24
Granules India Ltd.,S448,SEC5
Graphite India Ltd.,S449,SEC18
Grasim Industries Limited,S450,SEC30
Grasim Industries Ltd. Partly Paid Up,S451,SEC30
Grasim Industries Ltd. Rights,S452,SEC30
Great Eastern Shipping Co. Ltd.,S453,SEC123
Greaves Cotton Ltd.,S454,SEC97
Greenlam Industries Ltd.,S455,SEC83
Greenpanel Industries Ltd.,S456,SEC83
Greenply Industries Ltd.,S457,SEC83
Grindwell Norton Ltd.,S458,SEC75
Gudeng Precision Industrial Co Ltd.,S459,SEC2
Gufic Biosciences Ltd.,S460,SEC5
Gujarat Alkalies & Chemicals Ltd.,S461,SEC31
Gujarat Ambuja Exports Ltd.,S462,SEC108
Gujarat Fluorochemicals Ltd.,S463,SEC6
Gujarat Gas Ltd.,S464,SEC119
Gujarat Gas Ltd. : Futures Near,S465,SEC119
Gujarat Mineral Development Corporation Ltd.,S466,SEC43
Gujarat Narmada Valley Fertilisers Chemicals. Ltd.,S467,SEC31
Gujarat Pipavav Port Ltd.,S468,SEC14
Gujarat State Fertilizers & Chemicals Ltd.,S469,SEC87
Gujarat State Petronet Ltd.,S470,SEC119
Gulf Oil Lubircants India Ltd.,S471,SEC78
Gulshan Polyols Ltd.,S472,SEC31
H.e.g. Ltd.,S473,SEC18
Hanuman Tea Co. Ltd.,S474,SEC79
Happiest Minds Technologies Ltd.,S475,SEC9
Happy Forgings Ltd.,S476,SEC25
Harsha Engineers International Ltd.,S477,SEC111
Hatsun Agro Products Ltd.,S478,SEC103
Havells India Ltd.,S479,SEC102
Hawkins Cookers Ltd.,S480,SEC29
HCL Technologies Limited,S481,SEC9
HDFC Asset Management Co. Ltd.,S482,SEC17
HDFC Bank Ltd ADR,S483,SEC65
HDFC Bank Ltd.,S484,SEC50
HDFC Bank Ltd. : Futures Near,S485,SEC50
HDFC Life Insurance Company Ltd.,S486,SEC15
Health & Happiness (H&H) International,S487,SEC2
Healthcare Global Enterprises Ltd.,S488,SEC37
Heidelberg Cement India Ltd.,S489,SEC30
Heritage Foods (India) Ltd.,S490,SEC103
Hero Motocorp Ltd.,S491,SEC52
HFCL Ltd.,S492,SEC68
HG Infra Engineering Ltd.,S493,SEC24
Hikal Ltd.,S494,SEC5
Himadri Speciality Chemical Ltd.,S495,SEC6
Himatsingka Seide Ltd.,S496,SEC82
Hindalco Industries Ltd.,S497,SEC124
Hindustan Aeronautics Ltd.,S498,SEC46
Hindustan Construction Co. Ltd.,S499,SEC24
Hindustan Copper Ltd.,S500,SEC125
Hindustan DorrOliver Ltd.,S501,SEC81
Hindustan Foods Ltd.,S502,SEC126
Hindustan Oil Exploration Co. Ltd.,S503,SEC127
Hindustan Petroleum Corporation Ltd.,S504,SEC61
Hindustan Unilever Ltd.,S505,SEC128
Hindustan Zinc Ltd.,S506,SEC129
Hitachi ORD,S507,SEC2
HiTech Pipes Ltd.,S508,SEC130
HLE Glasscoat Ltd.,S509,SEC81
Home First Finance Company India Ltd.,S510,SEC7
Hon Hai Precision Industry Co Ltd.,S511,SEC2
Honasa Consumer Ltd.,S512,SEC131
Honda Siel Power Products Ltd.,S513,SEC81
Honeywell Automation India Ltd.,S514,SEC81
Honeywell International Inc,S515,SEC2
Hong Kong Exchanges & Clearing Ltd.,S516,SEC2
Housing & Urban Development Corporation Ltd.,S517,SEC66
HP Adhesives Ltd.,S518,SEC6
Hubbell Inc,S519,SEC2
Huhtamaki India Ltd.,S520,SEC110
Huntington Ingalls Industries Inc,S521,SEC2
Hyundai Motor Co.,S522,SEC2
I G Petrochemicals Ltd.,S523,SEC31
I T D Cementation India Ltd.,S524,SEC24
ICICI Bank Ltd (ADR),S525,SEC50
ICICI Bank Ltd.,S526,SEC50
ICICI Lombard General Insurance Co Ltd.,S527,SEC120
ICICI Prudential Life Insurance Co Ltd.,S528,SEC15
ICICI Securities Ltd.,S529,SEC4
ICRA Ltd.,S530,SEC76
Ideaforge Technology Private Ltd.,S531,SEC46
IDFC First Bank Ltd.,S532,SEC50
IFB Industries Ltd,S533,SEC29
IFGL Refractories Limited,S534,SEC18
Igarashi Motors India Ltd.,S535,SEC27
IIFL Finance Ltd.,S536,SEC40
IKIO Lighting Ltd.,S537,SEC102
ILLUMINA,S538,SEC2
Ind Bazaar.Com Ltd.,S539,SEC49
India Pesticides Ltd.,S540,SEC45
India Shelter Finance Corporation Ltd.,S541,SEC7
Indiabulls Housing Finance Ltd Partly Paid,S542,SEC7
Indiabulls Real Estate Ltd.,S543,SEC33
Indiamart Intermesh Ltd.,S544,SEC132
Indian Bank,S545,SEC58
Indian Energy Exchange Ltd.,S546,SEC72
Indian Hotels Company Limited,S547,SEC36
Indian Hume Pipe Co. Ltd.,S548,SEC81
Indian Oil Corporation Ltd.,S549,SEC61
Indian Railway Catering and Tourism Corporation Ltd.,S550,SEC133
Indian Railway Finance Corporation Ltd.,S551,SEC66
Indian Renewable Energy Development Agency Ltd.,S552,SEC66
Indigo Paints Ltd.,S553,SEC26
Indoco Remedies Ltd.,S554,SEC5
Indraprastha Gas Ltd.,S555,SEC94
Indus Towers Ltd.,S556,SEC68
Indusind Bank Ltd.,S557,SEC50
INEOS Styrolution India Ltd.,S558,SEC6
Info Edge (India) Ltd.,S559,SEC132
Infosys Ltd.,S560,SEC9
Infosys Ltd. : Futures Near,S561,SEC9
Infosys Technologies,S562,SEC2
Infrastructure Development Finance Company Limited,S563,SEC54
Ingersoll Rand (india) Ltd.,S564,SEC97
Innova Captab Ltd.,S565,SEC134
Innoventive Industries Ltd.,S566,SEC21
Inox Green Energy Services Ltd.,S567,SEC135
Inox India Ltd.,S568,SEC136
Inox Wind Energy Ltd.,S569,SEC8
Inox Wind Ltd.,S570,SEC8
Insecticides (India) Ltd.,S571,SEC45
Intel Corporation,S572,SEC2
Intellect Design Arena ltd.,S573,SEC9
Intercontinental Exchange,S574,SEC2
InterGlobe Aviation Ltd.,S575,SEC137
International Flavors & Fragrances Inc,S576,SEC2
International Paper APPM Ltd.,S577,SEC84
Intuit,S578,SEC2
Intuitive Surgical,S579,SEC2
Ion Exchange (india) Ltd.,S580,SEC24
Ipca Laboratories Ltd.,S581,SEC5
Iqvia Holdings,S582,SEC2
IRB Infrastructure Developers Ltd.,S583,SEC24
IRCON International Limited,S584,SEC24
IRM Energy Ltd.,S585,SEC94
ISGEC Heavy Engineering Ltd.,S586,SEC24
ITC Limited,S587,SEC128
J K Lakshmi Cement Ltd.,S588,SEC30
J K Tyre & Inds. Ltd.,S589,SEC138
J S W Energy Ltd.,S590,SEC13
J S W Steel Ltd.,S591,SEC21
J T L Infra Ltd.,S592,SEC21
J. Kumar Infraprojects Ltd,S593,SEC24
J.b. Chemicals & Pharmaceuticals Ltd.,S594,SEC5
J.K. Cement Ltd.,S595,SEC30
Jadoonet.Com,S596,SEC22
Jagran Prakashan Ltd.,S597,SEC98
Jamna Auto Inds. Ltd.,S598,SEC27
Jana Small Finance Bank Ltd.,S599,SEC65
Jash Engineering Ltd.,S600,SEC81
JBM Auto Ltd.,S601,SEC27
JD.Com Inc,S602,SEC2
Jentech Precision Industrial Co Ltd.,S603,SEC2
Jindal Drilling & Industries Ltd.,S604,SEC139
Jindal Saw Ltd.,S605,SEC121
Jindal Stainless Ltd.,S606,SEC21
Jindal Steel & Power Ltd.,S607,SEC21
Jindal Steel & Power Ltd. : Futures Near,S608,SEC21
Jio Financial Services Ltd.,S609,SEC40
JK Paper Ltd.,S610,SEC84
JM Financial Ltd.,S611,SEC89
Jmp Castings Ltd.,S612,SEC25
Johnson ControlsHitachi Air Conditioning India Ltd.,S613,SEC29
JSW Infrastructure Ltd.,S614,SEC93
JTEKT India Ltd.,S615,SEC27
Jubilant Foodworks Ltd.,S616,SEC59
Jubilant Ingrevia Ltd.,S617,SEC6
Jubilant Life Sciences Ltd.,S618,SEC5
Juniper Hotels Ltd.,S619,SEC36
Jupiter Life Line Hospitals Ltd.,S620,SEC37
Just Dial Ltd.,S621,SEC132
Jyothy Laboratories Ltd.,S622,SEC114
Jyoti CNC Automation Ltd.,S623,SEC81
K.P.R. Mill Ltd.,S624,SEC82
Kajaria Ceramics Ltd.,S625,SEC140
Kalpataru Power Transmission Ltd.,S626,SEC24
Kalyan Jewellers India Ltd.,S627,SEC113
Kalyani Steels Ltd.,S628,SEC21
Kansai Nerolac Paints Ltd.,S629,SEC26
KAO Corporation,S630,SEC2
Karnataka Bank Ltd.,S631,SEC50
Karur Vysya Bank Ltd,S632,SEC50
Kaveri Seed Company Ltd.,S633,SEC108
Kaynes Technology India Private Ltd.,S634,SEC81
KEC International Ltd.,S635,SEC8
KEI Industries Ltd.,S636,SEC96
Kellogg Co,S637,SEC2
Kennametal India Ltd.,S638,SEC81
Kesoram Industries Ltd.,S639,SEC141
Kewal Kiran Clothing Ltd.,S640,SEC41
Keyence Corp,S641,SEC2
Keysight Technologies Inc,S642,SEC2
Keystone Realtors Private Ltd.,S643,SEC33
KFIN Technologies Ltd.,S644,SEC142
Khadim India Ltd.,S645,SEC60
Kirloskar Brothers Ltd.,S646,SEC97
Kirloskar Ferrous Industries Ltd.,S647,SEC143
Kirloskar Oil Engines Ltd.,S648,SEC97
Kirloskar Pneumatic Co. Ltd.,S649,SEC97
Knowledge Marine & Engineering Works Ltd.,S650,SEC14
KNR Constructions,S651,SEC24
KoltePatil Developers Ltd.,S652,SEC33
Komatsu,S653,SEC2
Kotak Mahindra Bank Ltd.,S654,SEC50
Kothari Industrial Corporation Ltd.,S655,SEC45
Kovai Medical Center & Hospital Ltd.,S656,SEC37
KPI Green Energy Ltd.,S657,SEC13
KPIT Technologies Ltd.,S658,SEC9
Krishna Institute of Medical Sciences Ltd.,S659,SEC37
Krsnaa Diagnostics Ltd.,S660,SEC105
KSB Ltd.,S661,SEC97
Kyowa Exeo Corp Ltd.,S662,SEC2
L G Balakrishnan & Bros Ltd.,S663,SEC27
L&T Finance Holdings Ltd.,S664,SEC89
L&T Technology Services Ltd.,S665,SEC22
Lakshmi Machine Works Ltd.,S666,SEC81
Landmark Cars Ltd.,S667,SEC144
LaOpala RG Ltd.,S668,SEC71
Largan Precision Co. Ltd.,S669,SEC2
Larsen & Toubro Ltd (GDR),S670,SEC24
Larsen & Toubro Ltd.,S671,SEC24
Larsen & Toubro Ltd. : Futures Near,S672,SEC24
Latent View Analytics Ltd.,S673,SEC9
Laurus Labs Ltd.,S674,SEC5
Laxmi Organic Industries Ltd.,S675,SEC6
Lemon Tree Hotels Ltd.,S676,SEC36
LG Chemicals Ltd,S677,SEC2
LIC Housing Finance Ltd.,S678,SEC7
Life Insurance Corporation Of India,S679,SEC15
Linde India Ltd.,S680,SEC145
Lonza Group AG,S681,SEC2
LOREAL,S682,SEC2
Lotes Co Ltd.,S683,SEC2
Lowe S Companies Inc,S684,SEC2
LT Foods Ltd.,S685,SEC63
LTIMindtree Ltd.,S686,SEC9
Lululemon Athletica Inc Com,S687,SEC2
Lumax Auto Technologies Ltd.,S688,SEC27
Lumax Industries Ltd.,S689,SEC27
Lupin Ltd.,S690,SEC5
Lux Industries Ltd.,S691,SEC41
Lvmh Moet Hennessy Louis Vuitton Sa,S692,SEC2
M M Forgings Ltd.,S693,SEC25
Macrotech Developers Ltd.,S694,SEC33
Magma Fincorp Ltd.,S695,SEC40
Magnasound (India) Limited,S696,SEC88
Mahanagar Gas Ltd.,S697,SEC94
Maharashtra Scooters Ltd.,S698,SEC89
Maharashtra Seamless Ltd.,S699,SEC21
Mahindra & Mahindra Financial Services Ltd.,S700,SEC40
Mahindra & Mahindra Ltd.,S701,SEC117
Mahindra CIE Automotive Ltd.,S702,SEC27
Mahindra Holidays & Resorts India Ltd.,S703,SEC36
Mahindra Lifespace Developers Ltd.,S704,SEC33
Mahindra Logistics Ltd.,S705,SEC28
Make My Trip,S706,SEC2
Man Infraconstruction Ltd.,S707,SEC24
Manappuram Finance Ltd.,S708,SEC40
Mangalam Cement Ltd.,S709,SEC30
Mangalore Chemicals & Fertilisers Ltd.,S710,SEC146
Mangalore Refinery & Petrochemicals Ltd.,S711,SEC61
Mankind Pharma Ltd.,S712,SEC5
Manorama Industries Ltd.,S713,SEC147
Manpasand Beverages Ltd.,S714,SEC148
Marico Ltd.,S715,SEC53
MarketAxess Holdings Inc,S716,SEC2
Marksans Pharma Ltd.,S717,SEC5
Maruti Suzuki India Ltd.,S718,SEC117
Maruti Suzuki India Ltd. : Call Options,S719,SEC117
Maruti Suzuki India Ltd. : Futures Near,S720,SEC117
Mas Financial Services Ltd.,S721,SEC40
Masco Corp,S722,SEC2
Mastek Ltd.,S723,SEC9
Mastercard Ord SHS Class A,S724,SEC2
Matrimony.com Ltd.,S725,SEC132
Max Financial Services Ltd.,S726,SEC15
Max Healthcare Institute Ltd.,S727,SEC37
Mayur Uniquoters Limited,S728,SEC149
Mazagon Dock Shipbuilders Ltd.,S729,SEC92
Medi Assist Healthcare Services Ltd.,S730,SEC105
MediaTek Inc,S731,SEC2
Medplus Health Services Ltd.,S732,SEC150
Medtronic Plc,S733,SEC2
Meituan Dianping,S734,SEC2
Merck & Co Inc Shs,S735,SEC2
Metro Brands Ltd.,S736,SEC60
Metropolis Healthcare Ltd.,S737,SEC105
Microchip Technology,S738,SEC2
Microsoft Corp,S739,SEC2
Midea Group Co Ltd.,S740,SEC2
Minda Corporation Ltd.,S741,SEC27
Minda Industries Ltd.,S742,SEC27
Minerva Holdings Ltd.,S743,SEC89
Minor International PCL,S744,SEC2
Mishra Dhatu Nigam Ltd.,S745,SEC46
Mitsub UF J FG,S746,SEC2
Mitsubishi ORD,S747,SEC2
MITSUI FUDOSAN,S748,SEC2
MMTC Ltd.,S749,SEC151
Modern Syntex (India) Ltd.,S750,SEC41
MOIL Ltd.,S751,SEC43
MoldTek Packaging Ltd.,S752,SEC110
MongoDB Inc,S753,SEC2
Moodys Corp,S754,SEC2
Motherson Sumi Systems Ltd.,S755,SEC27
Motherson Sumi Wiring India Ltd.,S756,SEC27
Motilal Oswal Financial Services Ltd.,S757,SEC4
Motorola Solutions Inc,S758,SEC2
Mphasis Ltd.,S759,SEC9
Mphasis Ltd. : Futures Near,S760,SEC9
MPS Ltd.,S761,SEC152
MRF Ltd.,S762,SEC39
Mrs.Bectors Food Specialities Ltd.,S763,SEC63
MSTC Ltd.,S764,SEC153
MTAR Technologies Ltd.,S765,SEC46
MTZ Polyfilms Ltd.,S766,SEC82
Mukand Ltd.,S767,SEC154
Mukerian Papers Ltd.,S768,SEC84
Multi Commodity Exchange Of India Ltd.,S769,SEC72
Music Broadcast Ltd. Preference Shares,S770,SEC88
Muthoot Finance Pvt. Ltd.,S771,SEC40
Nagarjuna Agrichem Ltd.,S772,SEC45
Nahar Spinning Mills Ltd.,S773,SEC82
Narayana Hrudayalaya Ltd.,S774,SEC37
NATCO Pharma Ltd.,S775,SEC5
Nath BioGenes India Ltd.,S776,SEC108
National Aluminium Co. Ltd.,S777,SEC124
National Fertilizers Ltd.,S778,SEC87
National Thermal Power Corporation Ltd.,S779,SEC13
Navin Flourine International Ltd.,S780,SEC31
Navneet Education Ltd.,S781,SEC155
Nazara Technologies Ltd.,S782,SEC156
NBCC (India) Ltd.,S783,SEC24
NCC Ltd.,S784,SEC24
Neogen Chemicals Ltd.,S785,SEC6
NESCO Ltd.,S786,SEC64
Nestle India Ltd.,S787,SEC63
Netflix,S788,SEC2
Netweb Technologies India Ltd.,S789,SEC157
Network 18 Media & Invst. Ltd.,S790,SEC88
Neuland Laboratories Ltd.,S791,SEC5
Newgen Software Technologies Ltd.,S792,SEC22
Newmont Mining Corp,S793,SEC2
NHPC Ltd.,S794,SEC13
Nidec Corporation,S795,SEC2
Nifty 50 : Futures Near,S796,SEC72
Nifty 50 : Put Options,S797,SEC72
Nihon Nirmaan Ltd.,S798,SEC30
NIIT Learning Systems Ltd.,S799,SEC158
NIIT Ltd,S800,SEC158
Nike Inc,S801,SEC2
Nilkamal Ltd.,S802,SEC159
Nippon Life India Asset Management Ltd.,S803,SEC17
Nitin Spinners Ltd.,S804,SEC82
Nitori Holdings Co Ltd.,S805,SEC2
NLC India Ltd.,S806,SEC13
NMDC LTD,S807,SEC43
NMDC Steel Ltd.,S808,SEC21
Noble Brothers Impex Ltd.,S809,SEC149
Nocil Ltd.,S810,SEC6
Non equity,S811,SEC160
Novatek Microelectronics Corp. Ltd.,S812,SEC2
Novo Nordisk A/S,S813,SEC2
Nrb Bearings Ltd.,S814,SEC75
NTT ORD,S815,SEC2
Nucleus Software Exports Ltd.,S816,SEC9
Numero Uno International Ltd.,S817,SEC88
Nuvoco Vistas Corporation Ltd.,S818,SEC30
NVIDIA Corporation,S819,SEC2
Oberoi Realty Ltd.,S820,SEC33
Oil & Natural Gas Corporation Ltd.,S821,SEC127
Oil India Ltd.,S822,SEC127
Olectra Greentech Ltd.,S823,SEC117
One 97 Communications Ltd.,S824,SEC142
Onward Technologies Ltd.,S825,SEC51
Oracle Corp,S826,SEC2
Oracle Financial Services Software Limited,S827,SEC73
Orchid Pharma Ltd.,S828,SEC5
Orient Cement Ltd.,S829,SEC30
Orient Electric Ltd.,S830,SEC102
Orient Paper & Industries Ltd.,S831,SEC84
Orient Refractories Ltd.,S832,SEC18
Oriental Aromatics Ltd.,S833,SEC6
Oriental Carbon and Chemicals Ltd.,S834,SEC31
Oriental Hotels Ltd.,S835,SEC36
Orissa Minerals Development Co. Ltd.,S836,SEC43
Padmini Technologies Ltd.,S837,SEC110
Page Industries Ltd.,S838,SEC41
Parade Technologies Ltd.,S839,SEC2
Paradeep Phosphates Ltd.,S840,SEC87
Parag Milk Foods Ltd.,S841,SEC126
Paras Defence and Space Technologies Ltd.,S842,SEC46
ParkerHannifin Corp,S843,SEC2
Patanjali Foods Ltd.,S844,SEC23
PB Fintech Ltd.,S845,SEC142
PCBL Ltd.,S846,SEC161
PDS Ltd.,S847,SEC162
Persistent Systems Ltd.,S848,SEC9
Petronet LNG Ltd.,S849,SEC94
Pfizer Inc,S850,SEC2
Pfizer Ltd.,S851,SEC5
PG Electroplast Ltd.,S852,SEC102
Phoenix Mills Ltd.,S853,SEC33
Pi Industries Ltd.,S854,SEC45
Pidilite Industries Ltd.,S855,SEC6
PING AN INSURANCE (GROUP) CO. OF CHINA LTD,S856,SEC2
Piramal Enterprises Ltd.,S857,SEC1
Piramal Pharma Ltd.,S858,SEC5
Pitti Engineering Ltd.,S859,SEC81
Pix Transmissions Ltd.,S860,SEC163
PNB Housing Finance Ltd.,S861,SEC7
PNC Infratech Ltd.,S862,SEC24
Pokarna Ltd.,S863,SEC164
Polaris Industries,S864,SEC2
Poly Medicure Ltd.,S865,SEC165
Polycab India Limited,S866,SEC96
Polyplex Corporation Ltd.,S867,SEC110
Power Finance Corporation Ltd.,S868,SEC66
Power Grid Corporation of India Ltd.,S869,SEC55
Power Mech Projects Ltd.,S870,SEC24
Praj Industries Ltd.,S871,SEC81
Prataap Snacks Ltd.,S872,SEC63
Praveg Ltd.,S873,SEC166
Precision Fasteners Ltd.,S874,SEC81
Premier Explosives Ltd.,S875,SEC167
Prestige Estates Projects Ltd.,S876,SEC33
Pricol Ltd.,S877,SEC27
Primax Electronics Ltd.,S878,SEC2
Prince Pipes and Fittings Ltd.,S879,SEC38
Prism Johnson Ltd.,S880,SEC30
Procter & Gamble Co.,S881,SEC2
Procter & Gamble Health Ltd.,S882,SEC5
Procter & Gamble Hygiene & Health Care Ltd.,S883,SEC53
Protean eGov Technologies Ltd.,S884,SEC142
Prudent Corporate Advisory Services Ltd.,S885,SEC32
PSP Projects Ltd.,S886,SEC24
PT Bank Central Asia Tbk,S887,SEC2
PT Bank Rakyat Indonesia (Persero) Tbk,S888,SEC2
PT Semen Gresik ( Persero) TBK,S889,SEC2
PTC India Financial Services Ltd.,S890,SEC40
PTC Industries Ltd.,S891,SEC111
Punjab Alkalies & Chemicals Ltd.,S892,SEC31
Punjab National Bank,S893,SEC58
PVR Inox Ltd.,S894,SEC100
QUALCOMM,S895,SEC2
Quantum Information Systems,S896,SEC9
Quess Corp Ltd.,S897,SEC107
R R Kabel Ltd.,S898,SEC96
Radiant Cash Management Services Private Ltd.,S899,SEC1
Radico Khaitan Ltd.,S900,SEC42
Rail Vikas Nigam Ltd.,S901,SEC24
Railtel Corporation of India Ltd.,S902,SEC168
Rain Industries Ltd.,S903,SEC134
Rainbow Childrens Medicare Ltd.,S904,SEC37
Rajapalayam Mills Ltd.,S905,SEC82
Rajratan Global Wire Ltd.,S906,SEC27
Rallis India Ltd.,S907,SEC45
Rama Steel Tubes Limited,S908,SEC21
Ramco Industries Ltd.,S909,SEC30
Ramco Systems,S910,SEC73
Ramkrishna Forgings Ltd.,S911,SEC25
Rane (madras) Ltd.,S912,SEC116
Rane Holdings Ltd.,S913,SEC27
Rashi Peripherals Ltd.,S914,SEC157
Rategain Travel Technologies Ltd.,S915,SEC9
Ratnamani Metals & Tubes Ltd.,S916,SEC21
Raymond Ltd.,S917,SEC41
Raytheon Technologies Corp,S918,SEC2
RBL Bank Ltd.,S919,SEC50
Realtek Semiconductor Corporation,S920,SEC2
Reckitt Benckiser Group PLC,S921,SEC2
Recruit Holdings Co Ltd,S922,SEC2
Redington Ltd.,S923,SEC151
Redtape Ltd.,S924,SEC60
Relaxo Footwears Ltd.,S925,SEC60
Reliance Industries Ltd (GDR),S926,SEC61
Reliance Industries Ltd.,S927,SEC61
Reliance Power Ltd.,S928,SEC13
Religare Enterprises Ltd.,S929,SEC89
Relx Plc,S930,SEC2
Repco Home Finance Ltd.,S931,SEC7
Repo,S932,SEC69
Reverse Repo,S933,SEC69
Rishabh instruments Ltd.,S934,SEC35
RITES Ltd.,S935,SEC24
Rolex Rings Private Ltd.,S936,SEC27
Roper Technologies Inc,S937,SEC2
Rossari Biotech Ltd.,S938,SEC6
Rossell India Ltd.,S939,SEC46
Route Mobile Ltd.,S940,SEC168
Royal Industries Ltd.,S941,SEC2
RPG Life Sciences Ltd,S942,SEC5
Rural Electrification Corporation Limited,S943,SEC66
S.J.S. Enterprises Ltd.,S944,SEC27
Sadbhav Engineering Ltd.,S945,SEC24
Sadbhav Infrastructure Project Ltd.,S946,SEC24
Safari Industries (India) Ltd.,S947,SEC159
Sagar Cements Ltd.,S948,SEC30
Sai Silk (Kalamandir) Ltd.,S949,SEC16
Salesforce Com,S950,SEC2
Samhi Hotels Ltd.,S951,SEC36
Samsung Electronics Co. Ltd.,S952,SEC2
Samsung SDI Co. Ltd.,S953,SEC2
Samvardhana Motherson International Ltd.,S954,SEC27
Sandhar Technologies Ltd.,S955,SEC27
Sandur Laminates Ltd,S956,SEC125
Sandur Manganese & Iron Ores Ltd.,S957,SEC169
Sangam Health Care Products Ltd.,S958,SEC165
Sanghvi Movers Ltd.,S959,SEC170
Sanofi,S960,SEC2
Sanofi India Ltd.,S961,SEC5
Sansera Engineering Ltd.,S962,SEC27
Sap Se,S963,SEC22
Sapphire Foods India Ltd.,S964,SEC59
Saregama India Ltd.,S965,SEC88
Sasken Communication Technologies Ltd.,S966,SEC171
Satin Creditcare Network Ltd.,S967,SEC95
SBFC Finance Ltd.,S968,SEC40
SBI Cards and Payment Services Ltd.,S969,SEC40
SBI Life Insurance Co Ltd.,S970,SEC15
Schaeffler India Ltd.,S971,SEC27
Schneider Electric Infrastructure Ltd.,S972,SEC8
Seamec Ltd.,S973,SEC139
Sekisui Chemical Company Ltd.,S974,SEC2
Senco Gold Ltd.,S975,SEC113
Sequent Scientific Ltd.,S976,SEC5
SF Holding Co Ltd.,S977,SEC2
Shaily Engineering Plastics Ltd.,S978,SEC38
Shankara Building Products Ltd.,S979,SEC16
Shanthi Gears Ltd.,S980,SEC81
Sharda Cropchem Ltd.,S981,SEC45
Share India Securities Ltd.,S982,SEC4
Sheela Foam Ltd.,S983,SEC172
Shell Plc,S984,SEC2
Shenzhen Inovance Technology Co Ltd.,S985,SEC2
Shilchar Technologies Ltd.,S986,SEC8
Shilpa Medicare Ltd.,S987,SEC5
Shin Etsu Chemical Co.,S988,SEC2
Shipping Corporation of India Land and Assets Ltd.,S989,SEC2
Shipping Corporation Of India Ltd.,S990,SEC123
Shivalik Bimetal Controls Ltd.,S991,SEC21
Shoppers Stop Limited,S992,SEC49
Shree Cement Ltd.,S993,SEC30
Shree Digvijay Cement Co. Ltd.,S994,SEC141
Shreno Ltd.,S995,SEC81
Shriram Finance Ltd.,S996,SEC40
Shriram Pistons & Rings Ltd.,S997,SEC116
Shubh Shanti Services Ltd.,S998,SEC151
Shyam Metalics and Energy Ltd.,S999,SEC21
Siemens AG,S1000,SEC2
Siemens Ltd.,S1001,SEC8
Signature Global (India) Ltd.,S1002,SEC33
Simplex Infrastructures Ltd.,S1003,SEC24
SinoAmerican Silicon Products Inc,S1004,SEC2
SIP Technologies & Exports Ltd.,S1005,SEC9
SIS Ltd.,S1006,SEC64
Siv Industries Ltd.,S1007,SEC82
Siyaram Silk Mills Ltd.,S1008,SEC82
SJVN Ltd.,S1009,SEC13
SK Hynix Inc,S1010,SEC2
SK Telecom Co. Ltd.,S1011,SEC2
SKF India Ltd.,S1012,SEC75
SM Investments Corporation,S1013,SEC2
SMC Corp,S1014,SEC170
Sobha Ltd.,S1015,SEC33
Solar Industries India Ltd.,S1016,SEC167
Solara Active Pharma Sciences Ltd.,S1017,SEC5
Somany Ceramics Ltd.,S1018,SEC140
Somany Home Innovation Ltd.,S1019,SEC29
Sona BLW Precision Forgings Ltd.,S1020,SEC27
Sonata Software Ltd.,S1021,SEC9
Sony Corp.,S1022,SEC2
Sony Group Corporation ADR,S1023,SEC2
South Indian Bank Ltd.,S1024,SEC50
South Indian Bank Ltd. Rights,S1025,SEC65
SP Apparels Ltd.,S1026,SEC41
Spandana Sphoorty Financial Ltd.,S1027,SEC95
Spartek Ceramics Ltd.,S1028,SEC140
Spotify Technology SA,S1029,SEC2
SRF Ltd.,S1030,SEC6
Star Cement Ltd.,S1031,SEC30
Star Health and Allied Insurance Co Ltd.,S1032,SEC120
Starbucks Corporation,S1033,SEC2
State Bank Of India,S1034,SEC58
State Bank Of India : Futures Near,S1035,SEC58
Steel Authority Of India Ltd.,S1036,SEC21
Steel Strips Wheels Ltd.,S1037,SEC27
Sterling and Wilson Solar Private Ltd.,S1038,SEC24
Sterling Tools Ltd.,S1039,SEC27
Stove Kraft Ltd.,S1040,SEC29
Strides Pharma Science Ltd.,S1041,SEC5
Stylam Industries Ltd.,S1042,SEC83
Subros Ltd.,S1043,SEC27
Sudarshan Chemical Industries Ltd.,S1044,SEC90
Sula Vineyards Ltd.,S1045,SEC42
Sumber Alfaria Trijaya Tbk PT,S1046,SEC2
Sumitomo Chemical India Private Ltd.,S1047,SEC45
Sun Pharma Advanced Research Company Ltd.,S1048,SEC5
Sun Pharmaceutical Industries Ltd.,S1049,SEC5
Sun TV Network Ltd.,S1050,SEC101
Sun TV Network Ltd. : Futures Near,S1051,SEC101
Sundaram Clayton DCD Ltd.,S1052,SEC25
Sundaram Clayton DCD Ltd. Preferance Share,S1053,SEC25
Sundaram Finance Holdings Ltd.,S1054,SEC89
Sundaram Finance Limited,S1055,SEC40
Sundram Fasteners Ltd.,S1056,SEC27
Sunteck Realty Ltd.,S1057,SEC33
Suprajit Engineering Ltd.,S1058,SEC27
Supreme Industries Ltd.,S1059,SEC38
Supreme Petrochem Ltd.,S1060,SEC134
Suraj Estate Developers Ltd.,S1061,SEC33
Suryoday Small Finance Bank Ltd.,S1062,SEC47
Suven Life Sciences Ltd.,S1063,SEC173
Suven Pharmaceuticals Ltd.,S1064,SEC5
Suzlon Energy Ltd.,S1065,SEC8
Swan Energy Ltd.,S1066,SEC82
Swaraj Engines Ltd.,S1067,SEC97
Symphony Ltd.,S1068,SEC102
Syngene International Ltd.,S1069,SEC173
Synopsys Inc Com,S1070,SEC2
Syrma SGS Technology Ltd.,S1071,SEC81
Taiwan Semiconductor Manufacturing Co Ltd.,S1072,SEC2
Taiwan Semiconductor Manufacturing Co. Ltd.,S1073,SEC2
Taiwan Union Technology Corp,S1074,SEC2
Taj GVK Hotels & Resorts Ltd.,S1075,SEC36
Tamil Nadu Newsprint & Papers Ltd.,S1076,SEC84
Tanla Solutions Ltd.,S1077,SEC73
Tarc Ltd.,S1078,SEC33
Taro Pharmaceutical Industries ORD SHS,S1079,SEC2
Tarsons Products Ltd.,S1080,SEC165
Tata Chemicals Ltd.,S1081,SEC31
Tata Communications Ltd.,S1082,SEC62
Tata Consultancy Services Ltd.,S1083,SEC9
Tata Consultancy Services Ltd. : Futures Near,S1084,SEC9
Tata Consumer Products Ltd.,S1085,SEC79
Tata Elxsi Ltd.,S1086,SEC9
Tata Investment Corporation Ltd.,S1087,SEC89
Tata Metaliks Ltd.,S1088,SEC143
Tata Motors Ltd.,S1089,SEC117
Tata Motors Ltd. A Class,S1090,SEC117
Tata Power Co. Ltd.,S1091,SEC86
Tata Power Co. Ltd. : Futures Near,S1092,SEC86
Tata Steel Ltd.,S1093,SEC21
Tata Steel Ltd. : Futures Near,S1094,SEC21
Tata Technologies Ltd.,S1095,SEC9
Tatva Chintan Pharma Chem Ltd.,S1096,SEC6
TCI Express Ltd.,S1097,SEC28
TCNS Clothing Company Ltd.,S1098,SEC41
TCPL Packaging Ltd.,S1099,SEC110
TD Power Systems Ltd.,S1100,SEC8
TDK Corp,S1101,SEC2
Teamlease Services Ltd.,S1102,SEC64
Tech Mahindra Ltd.,S1103,SEC9
Tech Mahindra Ltd. : Futures Near,S1104,SEC9
Techno Electric & Engineering Co. Ltd.,S1105,SEC24
Techtronic Industries Co. Ltd.,S1106,SEC2
Tega Industries Ltd.,S1107,SEC81
Tejas Networks Ltd.,S1108,SEC174
TENCENT HOLDINGS LTD,S1109,SEC2
Teradyne Inc,S1110,SEC2
Texmaco Rail & Engineering Ltd.,S1111,SEC81
Thai Beverage PCL fgn.,S1112,SEC2
Thangamayil Jewellery Ltd.,S1113,SEC113
The Jammu & Kashmir Bank Ltd.,S1114,SEC50
The Ramco Cements Ltd.,S1115,SEC30
The Walt Disney Co.,S1116,SEC2
Thermax Ltd.,S1117,SEC8
Thermo Fisher Scientific Inc,S1118,SEC2
Thomas Cook (india) Ltd.,S1119,SEC133
Thyrocare Technologies Ltd.,S1120,SEC105
Time Technoplast Ltd.,S1121,SEC38
Timken India Ltd.,S1122,SEC75
Tips Industries Ltd.,S1123,SEC100
Tirrihannah Company Ltd.,S1124,SEC79
Titagarh Wagons,S1125,SEC175
Titan Company Ltd.,S1126,SEC113
Titan Company Ltd. : Futures Near,S1127,SEC113
TJX ORD,S1128,SEC2
Tokio Marine Holdings Inc,S1129,SEC2
Tokyo Electron Ltd.,S1130,SEC2
Tong Yang Industry Co Ltd,S1131,SEC2
Toray Industries INC.,S1132,SEC2
Torrent Pharmaceuticals Ltd.,S1133,SEC5
Torrent Power Ltd.,S1134,SEC86
Tourism Finance Corporation Of India Ltd.,S1135,SEC66
Toyota Motor Corp,S1136,SEC2
Tracxn Technologies Private Ltd.,S1137,SEC176
Transformers & Rectifiers (India) Ltd.,S1138,SEC177
Transindia Realty & Logistics Parks Ltd.,S1139,SEC28
Transport Corporation Of India Ltd.,S1140,SEC28
Transtream India.com Ltd,S1141,SEC9
TRANSUNION,S1142,SEC2
Trent Limited,S1143,SEC16
TREPS,S1144,SEC69
Tripod Technology Corporation,S1145,SEC2
Triveni Engineering & Industries Ltd.,S1146,SEC57
Triveni Turbine Ltd.,S1147,SEC8
TTK Healthcare Ltd.,S1148,SEC3
TTK Prestige Ltd.,S1149,SEC29
Tube Investments Of India Ltd.,S1150,SEC27
TV Today Network Ltd.,S1151,SEC101
TV18 Broadcast Ltd.,S1152,SEC101
TVS Holdings Ltd.,S1153,SEC27
TVS Holdings Ltd. Preference Shares,S1154,SEC27
TVS Motor Company Ltd.,S1155,SEC52
Tvs Srichakra Ltd.,S1156,SEC39
TVS Supply Chain Solutions Ltd.,S1157,SEC28
Tyler Technologies Inc,S1158,SEC2
Ujjivan Financial Services Ltd.,S1159,SEC40
Ujjivan Small Finance Bank Ltd.,S1160,SEC47
Ultratech Cement Ltd.,S1161,SEC30
Unichem Laboratories Ltd.,S1162,SEC5
Unilever PLC,S1163,SEC2
Union Bank Of India,S1164,SEC58
Uniparts India Ltd.,S1165,SEC81
United Breweries Ltd.,S1166,SEC42
United Spirits Ltd.,S1167,SEC42
Unitedhealth Group Inc,S1168,SEC2
Universal Cables Ltd.,S1169,SEC96
Updater Services Ltd.,S1170,SEC64
UPL Ltd.,S1171,SEC45
US Bancorp,S1172,SEC2
Usha Martin Ltd.,S1173,SEC21
UTI Asset Management Co. Pvt. Ltd.,S1174,SEC17
Utkarsh Small Finance Bank Ltd.,S1175,SEC47
V.I.P. Industries Ltd,S1176,SEC159
VA Tech Wabag Ltd.,S1177,SEC178
Vaibhav Global Ltd.,S1178,SEC77
Valiant Organics Ltd.,S1179,SEC6
Vardhman Special Steels Ltd.,S1180,SEC21
Vardhman Textiles Ltd.,S1181,SEC82
Varroc Engineering Ltd.,S1182,SEC27
Varun Beverages Ltd.,S1183,SEC148
Vascon Engineers Ltd.,S1184,SEC33
Vedant Fashions Ltd.,S1185,SEC16
Vedanta Ltd.,S1186,SEC179
Veeva Systems Inc.,S1187,SEC2
Venus Pipes and Tubes Ltd.,S1188,SEC21
Vesuvius India Ltd.,S1189,SEC18
VGuard Industries Ltd.,S1190,SEC29
Viatris Inc,S1191,SEC2
Vijaya Diagnostic Centre Ltd.,S1192,SEC105
Vimta Laboratories Ltd.,S1193,SEC173
Vinati Organics Ltd.,S1194,SEC6
Vindhya Telelinks Ltd.,S1195,SEC68
Virtual Dynamics Software Pvt. Ltd.,S1196,SEC9
Visa Inc,S1197,SEC2
Vishnu Chemicals Ltd.,S1198,SEC6
Vishnu Prakash R Punglia Ltd.,S1199,SEC24
VMart Retail Ltd.,S1200,SEC49
Vodafone Group Plc,S1201,SEC2
Vodafone Idea Ltd.,S1202,SEC62
Voltamp Transformers Ltd.,S1203,SEC8
Voltas Limited,S1204,SEC29
VRL Logistic Ltd.,S1205,SEC28
Vst Industries Ltd.,S1206,SEC122
VST Tillers Tractors Ltd.,S1207,SEC112
WABCO India Ltd.,S1208,SEC27
Water Corp ORD,S1209,SEC2
Wells Fargo ORD SHS (US),S1210,SEC2
Wellwin Industry Ltd.,S1211,SEC27
Welspun Corp Ltd.,S1212,SEC21
Welspun Living Ltd.,S1213,SEC82
Wendt (India) Ltd.,S1214,SEC75
West Coast Paper Mills Ltd.,S1215,SEC84
Western Paques (India) Ltd.,S1216,SEC13
Westlife Development Ltd.,S1217,SEC59
Wheels India Ltd.,S1218,SEC27
Whirlpool Of India Ltd.,S1219,SEC29
Willard Storage Battery Ltd.,S1220,SEC27
Wim Plast Ltd.,S1221,SEC38
Windlas Biotech Private Ltd.,S1222,SEC5
WinWay Technology Co. Ltd.,S1223,SEC2
Wipro Ltd.,S1224,SEC9
Wipro Ltd. : Futures Near,S1225,SEC9
Wiwynn Corporation,S1226,SEC2
Wk Kellogg Co,S1227,SEC2
Wonderla Holidays Ltd.,S1228,SEC99
Workday Inc Class A,S1229,SEC2
WPIL Ltd.,S1230,SEC97
WuXi Biologics (Cayman) Inc.,S1231,SEC2
Wuxi Xdc Cayman Inc,S1232,SEC2
Xelpmoc Design and Tech Ltd.,S1233,SEC73
Xinyi Solar Holdings Ltd.,S1234,SEC2
Xtep International Holdings Ltd.,S1235,SEC2
Xtrackers Harvest CSI 300 China AShares ETF,S1236,SEC2
Yatharth Hospital And Trauma Care Services Ltd.,S1237,SEC37
Yatra Online Ltd.,S1238,SEC133
Yum China Holdings Inc.,S1239,SEC2
Zaggle Prepaid Ocean Service Pvt Ltd.,S1240,SEC22
Zee Entertainment Enterprises Ltd.,S1241,SEC101
Zensar Technologies Ltd.,S1242,SEC9
Zimmer Biomet Holdings Inc.,S1243,SEC2
Zomato Ltd.,S1244,SEC77
Zoom Video Communications Inc,S1245,SEC2
Zuari Agro Chemicals Ltd.,S1246,SEC87
Zydus Lifesciences Ltd.,S1247,SEC5
Zydus Wellness Ltd.,S1248,SEC63
Adani Energy Solutions Ltd.,N1,SEC180
Adani Total Gas Ltd.,N2,SEC181
Adani Wilmar Ltd.,N3,SEC182
AGI Greenpac Ltd.,N6,SEC183
Alok Industries Ltd.,N8,SEC184
Amara Raja Energy & Mobility Ltd.,N9,SEC185
Anand Rathi Wealth Ltd.,N10,SEC74
Bajaj Hindusthan Sugar Ltd.,N17,SEC182
Balaji Amines Ltd.,N18,SEC186
Banco Products (India) Ltd.,N19,SEC185
BEML Ltd.,N21,SEC183
Bhansali Engineering Polymers Ltd.,N22,SEC186
Bombay Dyeing & Manufacturing Co. Ltd.,N23,SEC184
Borosil Renewables Ltd.,N24,SEC183
Central Bank of India,N27,SEC74
Cera Sanitaryware Ltd,N29,SEC187
Choice International Ltd.,N31,SEC74
Cigniti Technologies Ltd.,N33,SEC188
D.B.Corp Ltd.,N36,SEC189
Dalmia Bharat Sugar and Industries Ltd.,N37,SEC182
Datamatics Global Services Ltd.,N39,SEC188
Den Networks Ltd.,N40,SEC189
Dhani Services Ltd.,N41,SEC74
E.I.D. Parry (India) Ltd.,N46,SEC186
Easy Trip Planners Ltd.,N47,SEC190
Edelweiss Financial Services Ltd.,N48,SEC74
Epigral Ltd.,N51,SEC186
ESAF Small Finance Bank Ltd.,N52,SEC74
Fertilisers and Chemicals Travancore Ltd.,N53,SEC186
Ganesh Housing Corporation Ltd.,N57,SEC191
Gateway Distriparks Ltd.,N60,SEC192
Gravita India Ltd.,N65,SEC193
H.G. Infra Engineering Ltd.,N68,SEC194
Hathway Cable & Datacom Ltd.,N69,SEC189
HBL Power Systems Ltd.,N70,SEC185
Hemisphere Properties India Ltd.,N74,SEC192
Hindware Home Innovation Ltd.,N76,SEC187
Hitachi Energy India Ltd.,N77,SEC183
HMA Agro Industries Ltd.,N79,SEC182
IDBI Bank Ltd.,N82,SEC74
IDFC Ltd.,N84,SEC74
IFCI Ltd.,N86,SEC74
IIFL Securities Ltd.,N87,SEC74
India Cements Ltd.,N88,SEC195
India Glycols Ltd.,N89,SEC186
Indiabulls Housing Finance Ltd.,N90,SEC74
Indian Metals & Ferro Alloys Ltd.,N92,SEC193
Indian Overseas Bank,N93,SEC74
Indo Count Industries Ltd.,N94,SEC184
Infibeam Avenues Ltd.,N95,SEC74
IOL Chem and Pharma Ltd.,N96,SEC196
ITD Cementation India Ltd.,N99,SEC194
ITI Ltd.,N100,SEC197
J.Kumar Infraprojects Ltd.,N101,SEC194
Jai Balaji Industries Ltd.,N102,SEC193
Jai Corp Ltd.,N103,SEC183
Jain Irrigation Systems Ltd.,N104,SEC183
Jaiprakash Associates Ltd.,N105,SEC194
Jaiprakash Power Ventures Ltd.,N106,SEC180
Jammu & Kashmir Bank Ltd.,N107,SEC74
Jindal Worldwide Ltd.,N109,SEC184
JK Lakshmi Cement Ltd.,N110,SEC195
JK Tyre & Industries Ltd.,N111,SEC185
JSW Energy Ltd.,N113,SEC180
JSW Holdings Ltd.,N114,SEC74
JSW Steel Ltd.,N115,SEC193
JTL Industries Ltd.,N116,SEC183
Jubilant Pharmova Ltd.,N117,SEC196
Jupiter Wagons Ltd.,N118,SEC183
Kalpataru Projects International Ltd.,N121,SEC194
KRBL Ltd.,N127,SEC182
LG Balakrishnan & Bros Ltd.,N130,SEC185
Lloyds Engineering Works Ltd.,N131,SEC183
Lloyds Metals And Energy Ltd.,N132,SEC193
Maithan Alloys Ltd.,N133,SEC193
Muthoot Microfin Ltd.,N137,SEC74
Nava Ltd.,N138,SEC180
NTPC Ltd.,N142,SEC180
Nuvama Wealth Management Ltd.,N143,SEC74
Optiemus Infracom Ltd.,N144,SEC197
Paisalo Digital Ltd.,N147,SEC74
Patel Engineering Ltd.,N148,SEC194
Poonawalla Fincorp Ltd.,N150,SEC74
PTC India Ltd.,N151,SEC180
PUNJAB & SIND BANK,N152,SEC74
Puravankara Ltd.,N153,SEC191
Rajesh Exports Ltd.,N156,SEC187
Ramky Infra Ltd.,N157,SEC194
Rashtriya Chemicals & Fertilizers Ltd.,N158,SEC186
RattanIndia Enterprises Ltd.,N159,SEC190
RattanIndia Power Ltd.,N160,SEC180
REC Ltd.,N161,SEC74
Reliance Infrastructure Ltd.,N162,SEC180
Responsive Industries Ltd.,N163,SEC187
Restaurant Brands Asia Ltd.,N164,SEC190
RHI MAGNESITA INDIA LTD.,N165,SEC183
Sarda Energy and Minerals Ltd.,N168,SEC193
Sharda Motor Industries Ltd.,N171,SEC185
Shree Renuka Sugars Ltd.,N173,SEC182
Sindhu Trade Links Ltd.,N175,SEC3
Sterling and Wilson Renewable Energy Ltd.,N177,SEC194
Sterlite Technologies Ltd.,N178,SEC197
Sundaram Clayton Ltd.,N180,SEC183
Sunflag Iron & Steel Company Ltd.,N182,SEC193
Supriya Lifescience Ltd.,N183,SEC196
Surya Roshni Ltd.,N184,SEC183
Tamilnad Mercantile Bank Ltd.,N185,SEC74
Tata Motors Ltd DVR,N187,SEC185
Tata Teleservices (Maharashtra) Ltd.,N188,SEC197
The New India Assurance Company Ltd.,N192,SEC74
Thirumalai Chemicals Ltd.,N193,SEC186
Tide Water Oil (India) Ltd.,N194,SEC181
Tilaknagar Industries Ltd.,N195,SEC182
Titagarh Rail Systems Ltd.,N196,SEC183
Trident Ltd.,N198,SEC184
UCO Bank,N199,SEC74
UFLEX Ltd.,N200,SEC183
UNO Minda Ltd.,N202,SEC185
V.S.T Tillers Tractors Ltd.,N207,SEC183
Valor Estate Ltd.,N208,SEC191
Venky's (India) Ltd.,N209,SEC182
Welspun Enterprises Ltd.,N213,SEC194
Westlife Foodworld Ltd.,N214,SEC190
Wockhardt Ltd.,N215,SEC196
Yes Bank Ltd.,N217,SEC74
Zen Technologies Ltd.,N218,SEC183
ZF Commercial Vehicle Control Systems India Ltd.,N220,SEC185
Godrej Properties Ltd.,A1,SEC191
Sanghvi Movers Ltd.,A2,SEC183
